Belentani	599ca54
client/index.html;client/public/.gitkeep;client/public/__manus__/debug-collector.js;client/public/robots.txt;client/public/sitemap.xml;client/src/App.tsx;client/src/_core/hooks/useAuth.ts;client/src/components/AIChatBox.tsx;client/src/components/CompletionNotificationSettings.tsx;client/src/components/DashboardLayout.tsx;client/src/components/DashboardLayoutSkeleton.tsx;client/src/components/ErrorBoundary.tsx;client/src/components/ManusDialog.tsx;client/src/components/Map.tsx;client/src/components/SeoHead.tsx;client/src/components/ui/accordion.tsx;client/src/components/ui/alert-dialog.tsx;client/src/components/ui/alert.tsx;client/src/components/ui/aspect-ratio.tsx;client/src/components/ui/avatar.tsx;client/src/components/ui/badge.tsx;client/src/components/ui/breadcrumb.tsx;client/src/components/ui/button-group.tsx;client/src/components/ui/button.tsx;client/src/components/ui/calendar.tsx;client/src/components/ui/card.tsx;client/src/components/ui/carousel.tsx;client/src/components/ui/chart.tsx;client/src/components/ui/checkbox.tsx;client/src/components/ui/collapsible.tsx;client/src/components/ui/command.tsx;client/src/components/ui/context-menu.tsx;client/src/components/ui/dialog.tsx;client/src/components/ui/drawer.tsx;client/src/components/ui/dropdown-menu.tsx;client/src/components/ui/empty.tsx;client/src/components/ui/field.tsx;client/src/components/ui/form.tsx;client/src/components/ui/hover-card.tsx;client/src/components/ui/input-group.tsx;client/src/components/ui/input-otp.tsx;client/src/components/ui/input.tsx;client/src/components/ui/item.tsx;client/src/components/ui/kbd.tsx;client/src/components/ui/label.tsx;client/src/components/ui/menubar.tsx;client/src/components/ui/navigation-menu.tsx;client/src/components/ui/pagination.tsx;client/src/components/ui/popover.tsx;client/src/components/ui/progress.tsx;client/src/components/ui/radio-group.tsx;client/src/components/ui/resizable.tsx;client/src/components/ui/scroll-area.tsx;client/src/components/ui/select.tsx;client/src/components/ui/separator.tsx;client/src/components/ui/sheet.tsx;client/src/components/ui/sidebar.tsx;client/src/components/ui/skeleton.tsx;client/src/components/ui/slider.tsx;client/src/components/ui/sonner.tsx;client/src/components/ui/spinner.tsx;client/src/components/ui/switch.tsx;client/src/components/ui/table.tsx;client/src/components/ui/tabs.tsx;client/src/components/ui/textarea.tsx;client/src/components/ui/toggle-group.tsx;client/src/components/ui/toggle.tsx;client/src/components/ui/tooltip.tsx;client/src/const.ts;client/src/content/profile.ts;client/src/contexts/ThemeContext.tsx;client/src/hooks/useComposition.ts;client/src/hooks/useMobile.tsx;client/src/hooks/usePersistFn.ts;client/src/index.css;client/src/lib/analytics.ts;client/src/lib/completionNotifications.test.ts;client/src/lib/completionNotifications.ts;client/src/lib/trpc.ts;client/src/lib/utils.ts
NOIACORE	8105b3e
Dockerfile;README.md;src/main/java/com/noiacore/NoiacoreApplication.java;src/main/java/com/noiacore/model/Contacto.java;src/main/java/com/noiacore/model/Proyecto.java;src/main/java/com/noiacore/repository/ContactoRepository.java;src/main/java/com/noiacore/repository/ProyectoRepository.java;src/main/java/com/noiacore/web/ContactoApiController.java;src/main/java/com/noiacore/web/ProyectoApiController.java;src/main/resources/application.properties;src/main/resources/static/arquitetura.html;src/main/resources/static/assets/horizon/h1.png;src/main/resources/static/assets/horizon/h2.png;src/main/resources/static/assets/horizon/h3.png;src/main/resources/static/assets/horizon/h4.png;src/main/resources/static/axiomas.html;src/main/resources/static/capacidades.html;src/main/resources/static/casos.html;src/main/resources/static/fabrica.html;src/main/resources/static/galeria.html;src/main/resources/static/historico.html;src/main/resources/static/index.html;src/main/resources/static/iteracao.html;src/main/resources/static/limites.html;src/main/resources/static/manifesto.html;src/main/resources/static/mapa.html;src/main/resources/static/neural.html;src/main/resources/static/notifications.html;src/main/resources/static/observatorio.html;src/main/resources/static/optica.html;src/main/resources/static/processo.html;src/main/resources/static/shader-atelier.html;src/main/resources/static/signal.html;src/main/resources/static/sistema-latente.html;src/main/resources/static/telemetria.html;src/main/resources/static/terminal.html;src/test/java/com/noiacore/NoiacoreApplicationTests.java
belentani7	1a8d0b7
OMNIVERSE.md;README.md;client/index.html;client/public/.gitkeep;client/public/__manus__/debug-collector.js;client/src/App.tsx;client/src/components/AdvancedShaders.tsx;client/src/components/ErrorBoundary.tsx;client/src/components/ManusDialog.tsx;client/src/components/Map.tsx;client/src/components/ShaderAnimation.tsx;client/src/components/SiteShell.tsx;client/src/components/VisualEffects.tsx;client/src/components/ui/accordion.tsx;client/src/components/ui/alert-dialog.tsx;client/src/components/ui/alert.tsx;client/src/components/ui/aspect-ratio.tsx;client/src/components/ui/avatar.tsx;client/src/components/ui/badge.tsx;client/src/components/ui/breadcrumb.tsx;client/src/components/ui/button-group.tsx;client/src/components/ui/button.tsx;client/src/components/ui/calendar.tsx;client/src/components/ui/card.tsx;client/src/components/ui/carousel.tsx;client/src/components/ui/chart.tsx;client/src/components/ui/checkbox.tsx;client/src/components/ui/collapsible.tsx;client/src/components/ui/command.tsx;client/src/components/ui/context-menu.tsx;client/src/components/ui/dialog.tsx;client/src/components/ui/drawer.tsx;client/src/components/ui/dropdown-menu.tsx;client/src/components/ui/empty.tsx;client/src/components/ui/field.tsx;client/src/components/ui/form.tsx;client/src/components/ui/hover-card.tsx;client/src/components/ui/input-group.tsx;client/src/components/ui/input-otp.tsx;client/src/components/ui/input.tsx;client/src/components/ui/item.tsx;client/src/components/ui/kbd.tsx;client/src/components/ui/label.tsx;client/src/components/ui/menubar.tsx;client/src/components/ui/navigation-menu.tsx;client/src/components/ui/pagination.tsx;client/src/components/ui/popover.tsx;client/src/components/ui/progress.tsx;client/src/components/ui/radio-group.tsx;client/src/components/ui/resizable.tsx;client/src/components/ui/scroll-area.tsx;client/src/components/ui/select.tsx;client/src/components/ui/separator.tsx;client/src/components/ui/sheet.tsx;client/src/components/ui/sidebar.tsx;client/src/components/ui/skeleton.tsx;client/src/components/ui/slider.tsx;client/src/components/ui/sonner.tsx;client/src/components/ui/spinner.tsx;client/src/components/ui/switch.tsx;client/src/components/ui/table.tsx;client/src/components/ui/tabs.tsx;client/src/components/ui/textarea.tsx;client/src/components/ui/toggle-group.tsx;client/src/components/ui/toggle.tsx;client/src/components/ui/tooltip.tsx;client/src/const.ts;client/src/contexts/ThemeContext.tsx;client/src/data/audit100Steps.ts;client/src/data/awwwardsCriteria.ts;client/src/data/belentaniMasterDossier.ts;client/src/data/loreDatabase.ts;client/src/data/syntheticQaPanel.ts;client/src/data/twentyPagesIndex.ts;client/src/hooks/useComposition.ts;client/src/hooks/useMobile.tsx;client/src/hooks/usePersistFn.ts;client/src/index.css;client/src/lib/utils.ts;client/src/main.tsx
duck-2026	cfe8374
DUCK-2026-INVENTARIO-Y-PLUGINS.md;DUCK-INTEGRADO-0-10.md;README.md
duck-apps	f2a114f
README.md
duck-ecosystem	16fe2b7
AUDIT-OPERACIONAL.md;OPERATION-MAP.md;PVC-U-IMPLEMENTATION.md;README-DESKTOP.md;backend/requirements.txt;client/index.html;client/public/.gitkeep;client/public/__manus__/debug-collector.js;client/src/App.tsx;client/src/_core/hooks/useAuth.ts;client/src/components/AIChatBox.tsx;client/src/components/ActivityHistoryPanel.tsx;client/src/components/AssistantWidget.tsx;client/src/components/AudioLabPanel.tsx;client/src/components/BelentaniExperience.tsx;client/src/components/CatalogPanel.tsx;client/src/components/DashboardLayout.tsx;client/src/components/DashboardLayoutSkeleton.tsx;client/src/components/DeliveryPortalPanel.tsx;client/src/components/ErrorBoundary.tsx;client/src/components/FinancePanel.tsx;client/src/components/LoadingScreen.tsx;client/src/components/ManusDialog.tsx;client/src/components/Map.tsx;client/src/components/PluginReportPanel.tsx;client/src/components/StudioManagementPanel.tsx;client/src/components/TaskPanel.tsx;client/src/components/ui/accordion.tsx;client/src/components/ui/alert-dialog.tsx;client/src/components/ui/alert.tsx;client/src/components/ui/aspect-ratio.tsx;client/src/components/ui/avatar.tsx;client/src/components/ui/badge.tsx;client/src/components/ui/breadcrumb.tsx;client/src/components/ui/button-group.tsx;client/src/components/ui/button.tsx;client/src/components/ui/calendar.tsx;client/src/components/ui/card.tsx;client/src/components/ui/carousel.tsx;client/src/components/ui/chart.tsx;client/src/components/ui/checkbox.tsx;client/src/components/ui/collapsible.tsx;client/src/components/ui/command.tsx;client/src/components/ui/context-menu.tsx;client/src/components/ui/dialog.tsx;client/src/components/ui/drawer.tsx;client/src/components/ui/dropdown-menu.tsx;client/src/components/ui/empty.tsx;client/src/components/ui/field.tsx;client/src/components/ui/form.tsx;client/src/components/ui/hover-card.tsx;client/src/components/ui/input-group.tsx;client/src/components/ui/input-otp.tsx;client/src/components/ui/input.tsx;client/src/components/ui/item.tsx;client/src/components/ui/kbd.tsx;client/src/components/ui/label.tsx;client/src/components/ui/menubar.tsx;client/src/components/ui/navigation-menu.tsx;client/src/components/ui/pagination.tsx;client/src/components/ui/popover.tsx;client/src/components/ui/progress.tsx;client/src/components/ui/radio-group.tsx;client/src/components/ui/resizable.tsx;client/src/components/ui/scroll-area.tsx;client/src/components/ui/select.tsx;client/src/components/ui/separator.tsx;client/src/components/ui/sheet.tsx;client/src/components/ui/sidebar.tsx;client/src/components/ui/skeleton.tsx;client/src/components/ui/slider.tsx;client/src/components/ui/sonner.tsx;client/src/components/ui/spinner.tsx;client/src/components/ui/switch.tsx;client/src/components/ui/table.tsx;client/src/components/ui/tabs.tsx;client/src/components/ui/textarea.tsx;client/src/components/ui/toggle-group.tsx;client/src/components/ui/toggle.tsx;client/src/components/ui/tooltip.tsx
duck-ecosystem-inspect	4fc9c66
client/index.html;client/public/.gitkeep;client/public/__manus__/debug-collector.js;client/src/App.tsx;client/src/_core/hooks/useAuth.ts;client/src/components/AIChatBox.tsx;client/src/components/DashboardLayout.tsx;client/src/components/DashboardLayoutSkeleton.tsx;client/src/components/DuckAIChat.tsx;client/src/components/ErrorBoundary.tsx;client/src/components/InstrumentsLab.tsx;client/src/components/ManusDialog.tsx;client/src/components/Map.tsx;client/src/components/ui/accordion.tsx;client/src/components/ui/alert-dialog.tsx;client/src/components/ui/alert.tsx;client/src/components/ui/aspect-ratio.tsx;client/src/components/ui/avatar.tsx;client/src/components/ui/badge.tsx;client/src/components/ui/breadcrumb.tsx;client/src/components/ui/button-group.tsx;client/src/components/ui/button.tsx;client/src/components/ui/calendar.tsx;client/src/components/ui/card.tsx;client/src/components/ui/carousel.tsx;client/src/components/ui/chart.tsx;client/src/components/ui/checkbox.tsx;client/src/components/ui/collapsible.tsx;client/src/components/ui/command.tsx;client/src/components/ui/context-menu.tsx;client/src/components/ui/dialog.tsx;client/src/components/ui/drawer.tsx;client/src/components/ui/dropdown-menu.tsx;client/src/components/ui/empty.tsx;client/src/components/ui/field.tsx;client/src/components/ui/form.tsx;client/src/components/ui/hover-card.tsx;client/src/components/ui/input-group.tsx;client/src/components/ui/input-otp.tsx;client/src/components/ui/input.tsx;client/src/components/ui/item.tsx;client/src/components/ui/kbd.tsx;client/src/components/ui/label.tsx;client/src/components/ui/menubar.tsx;client/src/components/ui/navigation-menu.tsx;client/src/components/ui/pagination.tsx;client/src/components/ui/popover.tsx;client/src/components/ui/progress.tsx;client/src/components/ui/radio-group.tsx;client/src/components/ui/resizable.tsx;client/src/components/ui/scroll-area.tsx;client/src/components/ui/select.tsx;client/src/components/ui/separator.tsx;client/src/components/ui/sheet.tsx;client/src/components/ui/sidebar.tsx;client/src/components/ui/skeleton.tsx;client/src/components/ui/slider.tsx;client/src/components/ui/sonner.tsx;client/src/components/ui/spinner.tsx;client/src/components/ui/switch.tsx;client/src/components/ui/table.tsx;client/src/components/ui/tabs.tsx;client/src/components/ui/textarea.tsx;client/src/components/ui/toggle-group.tsx;client/src/components/ui/toggle.tsx;client/src/components/ui/tooltip.tsx;client/src/const.ts;client/src/contexts/ThemeContext.tsx;client/src/hooks/useComposition.ts;client/src/hooks/useMobile.tsx;client/src/hooks/usePersistFn.ts;client/src/index.css;client/src/lib/i18n.ts;client/src/lib/trpc.ts;client/src/lib/utils.ts;client/src/main.tsx;client/src/pages/ComponentShowcase.tsx;client/src/pages/Home.tsx;client/src/pages/NotFound.tsx;drizzle.config.ts
duck-full-studio-pro	a4add06
AUDIT_HONESTO.md;EVIDENCE_LEDGER.md;PVCU_PROTOCOL_NOTES.md;REALITY_CHECK.md;client/index.html;client/public/.gitkeep;client/public/__manus__/debug-collector.js;client/public/duck-assets/CHANGELOG.md;client/public/duck-assets/CODE_OF_CONDUCT.md;client/public/duck-assets/CONTRIBUTING.md;client/public/duck-assets/LICENSE;client/public/duck-assets/README.md;client/public/duck-assets/SECURITY.md;client/public/duck-assets/css/accessibility.css;client/public/duck-assets/css/animations-premium.css;client/public/duck-assets/css/base.css;client/public/duck-assets/css/buttons-premium.css;client/public/duck-assets/css/buttons.css;client/public/duck-assets/css/cards-premium.css;client/public/duck-assets/css/cards.css;client/public/duck-assets/css/components.css;client/public/duck-assets/css/cursor.css;client/public/duck-assets/css/forms.css;client/public/duck-assets/css/hero.css;client/public/duck-assets/css/instruments.css;client/public/duck-assets/css/modals.css;client/public/duck-assets/css/navigation.css;client/public/duck-assets/css/responsive.css;client/public/duck-assets/css/sections.css;client/public/duck-assets/css/tokens-premium.css;client/public/duck-assets/css/tokens.css;client/public/duck-assets/data.js;client/public/duck-assets/docs/ACCESSIBILITY.md;client/public/duck-assets/docs/ARCHITECTURE.md;client/public/duck-assets/docs/DEPLOY.md;client/public/duck-assets/docs/PERFORMANCE.md;client/public/duck-assets/docs/SEO.md;client/public/duck-assets/duck-mega.html;client/public/duck-assets/index.html;client/public/duck-assets/js/animations.js;client/public/duck-assets/js/main.js;client/public/duck-assets/lighthouserc.json;client/public/duck-assets/package.json;client/public/duck-assets/robots.txt;client/public/duck-assets/scripts/build.js;client/public/duck-assets/scripts/generate-sitemap.js;client/public/duck-assets/scripts/optimize-images.js;client/public/duck-assets/scripts/validate.js;client/public/duck-assets/sitemap.xml;client/src/App.tsx;client/src/_core/hooks/useAuth.ts;client/src/components/AIChatBox.tsx;client/src/components/DashboardLayout.tsx;client/src/components/DashboardLayoutSkeleton.tsx;client/src/components/DuckAIChat.tsx;client/src/components/ErrorBoundary.tsx;client/src/components/InstrumentsLab.tsx;client/src/components/ManusDialog.tsx;client/src/components/Map.tsx;client/src/components/ui/accordion.tsx;client/src/components/ui/alert-dialog.tsx;client/src/components/ui/alert.tsx;client/src/components/ui/aspect-ratio.tsx;client/src/components/ui/avatar.tsx;client/src/components/ui/badge.tsx;client/src/components/ui/breadcrumb.tsx;client/src/components/ui/button-group.tsx;client/src/components/ui/button.tsx;client/src/components/ui/calendar.tsx;client/src/components/ui/card.tsx;client/src/components/ui/carousel.tsx;client/src/components/ui/chart.tsx;client/src/components/ui/checkbox.tsx;client/src/components/ui/collapsible.tsx;client/src/components/ui/command.tsx;client/src/components/ui/context-menu.tsx;client/src/components/ui/dialog.tsx;client/src/components/ui/drawer.tsx;client/src/components/ui/dropdown-menu.tsx;client/src/components/ui/empty.tsx
duck-studio-os-protected	d2632e3
duck-studio-delivery/README.md;duck-studio-delivery/docs/aesthetic-study.md;duck-studio-delivery/docs/client-channel.md;duck-studio-delivery/docs/tools.md;duck-studio-delivery/source/package.json;duck-studio-delivery/source/prisma/schema.prisma;duck-studio-delivery/source/prisma/seed-extras.ts;duck-studio-delivery/source/prisma/seed.ts;duck-studio-delivery/source/src/app/api/activity/route.ts;duck-studio-delivery/source/src/app/api/analytics/route.ts;duck-studio-delivery/source/src/app/api/assistant/chat/route.ts;duck-studio-delivery/source/src/app/api/assistant/context/route.ts;duck-studio-delivery/source/src/app/api/audit/route.ts;duck-studio-delivery/source/src/app/api/automations/[id]/route.ts;duck-studio-delivery/source/src/app/api/automations/route.ts;duck-studio-delivery/source/src/app/api/calendar/route.ts;duck-studio-delivery/source/src/app/api/capabilities/route.ts;duck-studio-delivery/source/src/app/api/chains/[id]/route.ts;duck-studio-delivery/source/src/app/api/chains/route.ts;duck-studio-delivery/source/src/app/api/clients/[id]/route.ts;duck-studio-delivery/source/src/app/api/clients/route.ts;duck-studio-delivery/source/src/app/api/cron/checks/route.ts;duck-studio-delivery/source/src/app/api/daw-bridge/route.ts;duck-studio-delivery/source/src/app/api/invoices/[id]/route.ts;duck-studio-delivery/source/src/app/api/invoices/route.ts;duck-studio-delivery/source/src/app/api/notifications/route.ts;duck-studio-delivery/source/src/app/api/plugins/[id]/route.ts;duck-studio-delivery/source/src/app/api/plugins/route.ts;duck-studio-delivery/source/src/app/api/projects/[id]/files/route.ts;duck-studio-delivery/source/src/app/api/projects/[id]/qc/route.ts;duck-studio-delivery/source/src/app/api/projects/[id]/route.ts;duck-studio-delivery/source/src/app/api/projects/[id]/versions/route.ts;duck-studio-delivery/source/src/app/api/projects/route.ts;duck-studio-delivery/source/src/app/api/route.ts;duck-studio-delivery/source/src/app/api/search/route.ts;duck-studio-delivery/source/src/app/api/seed/route.ts;duck-studio-delivery/source/src/app/api/session/route.ts;duck-studio-delivery/source/src/app/api/stats/route.ts;duck-studio-delivery/source/src/app/api/tasks/[id]/route.ts;duck-studio-delivery/source/src/app/api/tasks/route.ts;duck-studio-delivery/source/src/app/api/users/route.ts;duck-studio-delivery/source/src/app/api/versions/[id]/approve/route.ts;duck-studio-delivery/source/src/app/api/versions/[id]/comments/route.ts;duck-studio-delivery/source/src/app/api/versions/[id]/request-changes/route.ts;duck-studio-delivery/source/src/app/globals.css;duck-studio-delivery/source/src/app/layout.tsx;duck-studio-delivery/source/src/app/page.tsx;duck-studio-delivery/source/src/components/studio/assistant-widget.tsx;duck-studio-delivery/source/src/components/studio/command-palette.tsx;duck-studio-delivery/source/src/components/studio/invoice-dialog.tsx;duck-studio-delivery/source/src/components/studio/loading-screen.tsx;duck-studio-delivery/source/src/components/studio/onboarding-dialog.tsx;duck-studio-delivery/source/src/components/studio/studio-shell.tsx;duck-studio-delivery/source/src/components/studio/tools/harmonic-catalog.tsx;duck-studio-delivery/source/src/components/studio/tools/mastering-rack.tsx;duck-studio-delivery/source/src/components/studio/tools/power-detector.tsx;duck-studio-delivery/source/src/components/studio/tools/tuner.tsx;duck-studio-delivery/source/src/components/studio/views/analytics.tsx;duck-studio-delivery/source/src/components/studio/views/audit.tsx;duck-studio-delivery/source/src/components/studio/views/automations.tsx;duck-studio-delivery/source/src/components/studio/views/calendar.tsx;duck-studio-delivery/source/src/components/studio/views/capabilities.tsx;duck-studio-delivery/source/src/components/studio/views/chains.tsx;duck-studio-delivery/source/src/components/studio/views/client-portal.tsx;duck-studio-delivery/source/src/components/studio/views/crm.tsx;duck-studio-delivery/source/src/components/studio/views/daw-bridge.tsx;duck-studio-delivery/source/src/components/studio/views/finance.tsx;duck-studio-delivery/source/src/components/studio/views/owner-dashboard.tsx;duck-studio-delivery/source/src/components/studio/views/plugins.tsx;duck-studio-delivery/source/src/components/studio/views/project-detail.tsx;duck-studio-delivery/source/src/components/studio/views/projects.tsx;duck-studio-delivery/source/src/components/studio/views/qc-checklist.tsx;duck-studio-delivery/source/src/components/studio/views/settings.tsx;duck-studio-delivery/source/src/components/studio/views/tools.tsx;duck-studio-delivery/source/src/components/studio/waveform-player.tsx;duck-studio-delivery/source/src/components/theme-provider.tsx;duck-studio-delivery/source/src/components/ui/accordion.tsx;duck-studio-delivery/source/src/components/ui/alert-dialog.tsx;duck-studio-delivery/source/src/components/ui/alert.tsx;duck-studio-delivery/source/src/components/ui/aspect-ratio.tsx
duck-studio-os-v2	5aa42fa
README.md;docs/aesthetic-study.md;docs/client-channel.md;docs/tools.md;source/package.json;source/prisma/schema.prisma;source/prisma/seed-extras.ts;source/prisma/seed.ts;source/src/app/api/activity/route.ts;source/src/app/api/analytics/route.ts;source/src/app/api/assistant/chat/route.ts;source/src/app/api/assistant/context/route.ts;source/src/app/api/audit/route.ts;source/src/app/api/automations/[id]/route.ts;source/src/app/api/automations/route.ts;source/src/app/api/calendar/route.ts;source/src/app/api/capabilities/route.ts;source/src/app/api/chains/[id]/route.ts;source/src/app/api/chains/route.ts;source/src/app/api/clients/[id]/route.ts;source/src/app/api/clients/route.ts;source/src/app/api/cron/checks/route.ts;source/src/app/api/daw-bridge/route.ts;source/src/app/api/invoices/[id]/route.ts;source/src/app/api/invoices/route.ts;source/src/app/api/notifications/route.ts;source/src/app/api/plugins/[id]/route.ts;source/src/app/api/plugins/route.ts;source/src/app/api/projects/[id]/files/route.ts;source/src/app/api/projects/[id]/qc/route.ts;source/src/app/api/projects/[id]/route.ts;source/src/app/api/projects/[id]/versions/route.ts;source/src/app/api/projects/route.ts;source/src/app/api/route.ts;source/src/app/api/search/route.ts;source/src/app/api/seed/route.ts;source/src/app/api/session/route.ts;source/src/app/api/stats/route.ts;source/src/app/api/tasks/[id]/route.ts;source/src/app/api/tasks/route.ts;source/src/app/api/users/route.ts;source/src/app/api/versions/[id]/approve/route.ts;source/src/app/api/versions/[id]/comments/route.ts;source/src/app/api/versions/[id]/request-changes/route.ts;source/src/app/globals.css;source/src/app/layout.tsx;source/src/app/page.tsx;source/src/components/studio/assistant-widget.tsx;source/src/components/studio/command-palette.tsx;source/src/components/studio/invoice-dialog.tsx;source/src/components/studio/loading-screen.tsx;source/src/components/studio/onboarding-dialog.tsx;source/src/components/studio/studio-shell.tsx;source/src/components/studio/tools/harmonic-catalog.tsx;source/src/components/studio/tools/mastering-rack.tsx;source/src/components/studio/tools/power-detector.tsx;source/src/components/studio/tools/tuner.tsx;source/src/components/studio/views/analytics.tsx;source/src/components/studio/views/audit.tsx;source/src/components/studio/views/automations.tsx;source/src/components/studio/views/calendar.tsx;source/src/components/studio/views/capabilities.tsx;source/src/components/studio/views/chains.tsx;source/src/components/studio/views/client-portal.tsx;source/src/components/studio/views/crm.tsx;source/src/components/studio/views/daw-bridge.tsx;source/src/components/studio/views/finance.tsx;source/src/components/studio/views/owner-dashboard.tsx;source/src/components/studio/views/plugins.tsx;source/src/components/studio/views/project-detail.tsx;source/src/components/studio/views/projects.tsx;source/src/components/studio/views/qc-checklist.tsx;source/src/components/studio/views/settings.tsx;source/src/components/studio/views/tools.tsx;source/src/components/studio/waveform-player.tsx;source/src/components/theme-provider.tsx;source/src/components/ui/accordion.tsx;source/src/components/ui/alert-dialog.tsx;source/src/components/ui/alert.tsx;source/src/components/ui/aspect-ratio.tsx
duck-zion-apex-public	82a258b
README.md;client/index.html;client/public/.gitkeep;client/public/__manus__/debug-collector.js;client/src/App.tsx;client/src/_core/hooks/useAuth.ts;client/src/components/AIChatBox.tsx;client/src/components/DashboardLayout.tsx;client/src/components/DashboardLayoutSkeleton.tsx;client/src/components/ErrorBoundary.tsx;client/src/components/ManusDialog.tsx;client/src/components/Map.tsx;client/src/components/ui/accordion.tsx;client/src/components/ui/alert-dialog.tsx;client/src/components/ui/alert.tsx;client/src/components/ui/aspect-ratio.tsx;client/src/components/ui/avatar.tsx;client/src/components/ui/badge.tsx;client/src/components/ui/breadcrumb.tsx;client/src/components/ui/button-group.tsx;client/src/components/ui/button.tsx;client/src/components/ui/calendar.tsx;client/src/components/ui/card.tsx;client/src/components/ui/carousel.tsx;client/src/components/ui/chart.tsx;client/src/components/ui/checkbox.tsx;client/src/components/ui/collapsible.tsx;client/src/components/ui/command.tsx;client/src/components/ui/context-menu.tsx;client/src/components/ui/dialog.tsx;client/src/components/ui/drawer.tsx;client/src/components/ui/dropdown-menu.tsx;client/src/components/ui/empty.tsx;client/src/components/ui/field.tsx;client/src/components/ui/form.tsx;client/src/components/ui/hover-card.tsx;client/src/components/ui/input-group.tsx;client/src/components/ui/input-otp.tsx;client/src/components/ui/input.tsx;client/src/components/ui/item.tsx;client/src/components/ui/kbd.tsx;client/src/components/ui/label.tsx;client/src/components/ui/menubar.tsx;client/src/components/ui/navigation-menu.tsx;client/src/components/ui/pagination.tsx;client/src/components/ui/popover.tsx;client/src/components/ui/progress.tsx;client/src/components/ui/radio-group.tsx;client/src/components/ui/resizable.tsx;client/src/components/ui/scroll-area.tsx;client/src/components/ui/select.tsx;client/src/components/ui/separator.tsx;client/src/components/ui/sheet.tsx;client/src/components/ui/sidebar.tsx;client/src/components/ui/skeleton.tsx;client/src/components/ui/slider.tsx;client/src/components/ui/sonner.tsx;client/src/components/ui/spinner.tsx;client/src/components/ui/switch.tsx;client/src/components/ui/table.tsx;client/src/components/ui/tabs.tsx;client/src/components/ui/textarea.tsx;client/src/components/ui/toggle-group.tsx;client/src/components/ui/toggle.tsx;client/src/components/ui/tooltip.tsx;client/src/const.ts;client/src/contexts/ThemeContext.tsx;client/src/hooks/useComposition.ts;client/src/hooks/useMobile.tsx;client/src/hooks/usePersistFn.ts;client/src/index.css;client/src/lib/trpc.ts;client/src/lib/utils.ts;client/src/main.tsx;client/src/pages/ComponentShowcase.tsx;client/src/pages/Home.tsx;client/src/pages/NotFound.tsx;docs/audit-final.md;drizzle.config.ts;drizzle/0000_opposite_fabian_cortez.sql
lumina-ai-es	d2973ea
.github/ISSUE_TEMPLATE/bug_report.md;.github/ISSUE_TEMPLATE/feature_request.md;CODE_OF_CONDUCT.md;CONTRIBUTING.md;README.md;client/index.html;client/public/.gitkeep;client/public/__manus__/debug-collector.js;client/src/App.tsx;client/src/_core/hooks/useAuth.ts;client/src/components/AIChatBox.tsx;client/src/components/DashboardLayout.tsx;client/src/components/DashboardLayoutSkeleton.tsx;client/src/components/ErrorBoundary.tsx;client/src/components/ManusDialog.tsx;client/src/components/Map.tsx;client/src/components/ui/accordion.tsx;client/src/components/ui/alert-dialog.tsx;client/src/components/ui/alert.tsx;client/src/components/ui/aspect-ratio.tsx;client/src/components/ui/avatar.tsx;client/src/components/ui/badge.tsx;client/src/components/ui/breadcrumb.tsx;client/src/components/ui/button-group.tsx;client/src/components/ui/button.tsx;client/src/components/ui/calendar.tsx;client/src/components/ui/card.tsx;client/src/components/ui/carousel.tsx;client/src/components/ui/chart.tsx;client/src/components/ui/checkbox.tsx;client/src/components/ui/collapsible.tsx;client/src/components/ui/command.tsx;client/src/components/ui/context-menu.tsx;client/src/components/ui/dialog.tsx;client/src/components/ui/drawer.tsx;client/src/components/ui/dropdown-menu.tsx;client/src/components/ui/empty.tsx;client/src/components/ui/field.tsx;client/src/components/ui/form.tsx;client/src/components/ui/hover-card.tsx;client/src/components/ui/input-group.tsx;client/src/components/ui/input-otp.tsx;client/src/components/ui/input.tsx;client/src/components/ui/item.tsx;client/src/components/ui/kbd.tsx;client/src/components/ui/label.tsx;client/src/components/ui/menubar.tsx;client/src/components/ui/navigation-menu.tsx;client/src/components/ui/pagination.tsx;client/src/components/ui/popover.tsx;client/src/components/ui/progress.tsx;client/src/components/ui/radio-group.tsx;client/src/components/ui/resizable.tsx;client/src/components/ui/scroll-area.tsx;client/src/components/ui/select.tsx;client/src/components/ui/separator.tsx;client/src/components/ui/sheet.tsx;client/src/components/ui/sidebar.tsx;client/src/components/ui/skeleton.tsx;client/src/components/ui/slider.tsx;client/src/components/ui/sonner.tsx;client/src/components/ui/spinner.tsx;client/src/components/ui/switch.tsx;client/src/components/ui/table.tsx;client/src/components/ui/tabs.tsx;client/src/components/ui/textarea.tsx;client/src/components/ui/toggle-group.tsx;client/src/components/ui/toggle.tsx;client/src/components/ui/tooltip.tsx;client/src/const.ts;client/src/contexts/ThemeContext.tsx;client/src/hooks/useComposition.ts;client/src/hooks/useMobile.tsx;client/src/hooks/usePersistFn.ts;client/src/index.css;client/src/lib/trpc.ts;client/src/lib/utils.ts;client/src/main.tsx;client/src/pages/ComponentShowcase.tsx;client/src/pages/Home.tsx
noiacore-lab-audited	7cfba87
brand-identity-study.md;client/index.html;client/public/.gitkeep;client/public/__manus__/debug-collector.js;client/src/App.tsx;client/src/components/ErrorBoundary.tsx;client/src/components/ManusDialog.tsx;client/src/components/Map.tsx;client/src/components/MinimalSymbol.tsx;client/src/components/ui/accordion.tsx;client/src/components/ui/alert-dialog.tsx;client/src/components/ui/alert.tsx;client/src/components/ui/aspect-ratio.tsx;client/src/components/ui/avatar.tsx;client/src/components/ui/badge.tsx;client/src/components/ui/breadcrumb.tsx;client/src/components/ui/button-group.tsx;client/src/components/ui/button.tsx;client/src/components/ui/calendar.tsx;client/src/components/ui/card.tsx;client/src/components/ui/carousel.tsx;client/src/components/ui/chart.tsx;client/src/components/ui/checkbox.tsx;client/src/components/ui/collapsible.tsx;client/src/components/ui/command.tsx;client/src/components/ui/context-menu.tsx;client/src/components/ui/dialog.tsx;client/src/components/ui/drawer.tsx;client/src/components/ui/dropdown-menu.tsx;client/src/components/ui/empty.tsx;client/src/components/ui/field.tsx;client/src/components/ui/form.tsx;client/src/components/ui/hover-card.tsx;client/src/components/ui/input-group.tsx;client/src/components/ui/input-otp.tsx;client/src/components/ui/input.tsx;client/src/components/ui/item.tsx;client/src/components/ui/kbd.tsx;client/src/components/ui/label.tsx;client/src/components/ui/menubar.tsx;client/src/components/ui/navigation-menu.tsx;client/src/components/ui/pagination.tsx;client/src/components/ui/popover.tsx;client/src/components/ui/progress.tsx;client/src/components/ui/radio-group.tsx;client/src/components/ui/resizable.tsx;client/src/components/ui/scroll-area.tsx;client/src/components/ui/select.tsx;client/src/components/ui/separator.tsx;client/src/components/ui/sheet.tsx;client/src/components/ui/sidebar.tsx;client/src/components/ui/skeleton.tsx;client/src/components/ui/slider.tsx;client/src/components/ui/sonner.tsx;client/src/components/ui/spinner.tsx;client/src/components/ui/switch.tsx;client/src/components/ui/table.tsx;client/src/components/ui/tabs.tsx;client/src/components/ui/textarea.tsx;client/src/components/ui/toggle-group.tsx;client/src/components/ui/toggle.tsx;client/src/components/ui/tooltip.tsx;client/src/const.ts;client/src/contexts/ThemeContext.tsx;client/src/hooks/useComposition.ts;client/src/hooks/useMobile.tsx;client/src/hooks/usePersistFn.ts;client/src/index.css;client/src/lib/factoryTools.ts;client/src/lib/mediaAssets.ts;client/src/lib/noiacoreSoundEngine.ts;client/src/lib/utils.ts;client/src/main.tsx;client/src/pages/Home.tsx;client/src/pages/NotFound.tsx;generative-bible.md;generative-prompts-dossier.md;governance-constitution.md;ideas.md;multimedia-master-strategy.md
noiacore-model-guard	b09e044
AUDIT-10-OF-10.md;README.md;SECURITY.md;client/index.html;client/public/.gitkeep;client/public/__manus__/debug-collector.js;client/src/App.tsx;client/src/_core/hooks/useAuth.ts;client/src/components/AIChatBox.tsx;client/src/components/DashboardLayout.tsx;client/src/components/DashboardLayoutSkeleton.tsx;client/src/components/ErrorBoundary.tsx;client/src/components/ManusDialog.tsx;client/src/components/Map.tsx;client/src/components/ui/accordion.tsx;client/src/components/ui/alert-dialog.tsx;client/src/components/ui/alert.tsx;client/src/components/ui/aspect-ratio.tsx;client/src/components/ui/avatar.tsx;client/src/components/ui/badge.tsx;client/src/components/ui/breadcrumb.tsx;client/src/components/ui/button-group.tsx;client/src/components/ui/button.tsx;client/src/components/ui/calendar.tsx;client/src/components/ui/card.tsx;client/src/components/ui/carousel.tsx;client/src/components/ui/chart.tsx;client/src/components/ui/checkbox.tsx;client/src/components/ui/collapsible.tsx;client/src/components/ui/command.tsx;client/src/components/ui/context-menu.tsx;client/src/components/ui/dialog.tsx;client/src/components/ui/drawer.tsx;client/src/components/ui/dropdown-menu.tsx;client/src/components/ui/empty.tsx;client/src/components/ui/field.tsx;client/src/components/ui/form.tsx;client/src/components/ui/hover-card.tsx;client/src/components/ui/input-group.tsx;client/src/components/ui/input-otp.tsx;client/src/components/ui/input.tsx;client/src/components/ui/item.tsx;client/src/components/ui/kbd.tsx;client/src/components/ui/label.tsx;client/src/components/ui/menubar.tsx;client/src/components/ui/navigation-menu.tsx;client/src/components/ui/pagination.tsx;client/src/components/ui/popover.tsx;client/src/components/ui/progress.tsx;client/src/components/ui/radio-group.tsx;client/src/components/ui/resizable.tsx;client/src/components/ui/scroll-area.tsx;client/src/components/ui/select.tsx;client/src/components/ui/separator.tsx;client/src/components/ui/sheet.tsx;client/src/components/ui/sidebar.tsx;client/src/components/ui/skeleton.tsx;client/src/components/ui/slider.tsx;client/src/components/ui/sonner.tsx;client/src/components/ui/spinner.tsx;client/src/components/ui/switch.tsx;client/src/components/ui/table.tsx;client/src/components/ui/tabs.tsx;client/src/components/ui/textarea.tsx;client/src/components/ui/toggle-group.tsx;client/src/components/ui/toggle.tsx;client/src/components/ui/tooltip.tsx;client/src/const.ts;client/src/contexts/ThemeContext.tsx;client/src/hooks/useComposition.ts;client/src/hooks/useMobile.tsx;client/src/hooks/usePersistFn.ts;client/src/index.css;client/src/lib/trpc.ts;client/src/lib/utils.ts;client/src/main.tsx;client/src/pages/ComponentShowcase.tsx;client/src/pages/Home.tsx;client/src/pages/NotFound.tsx;docs/BROWSER-VISUAL-EVIDENCE.md
