repo	commit	files	ts_tsx	tests	schemas	security_audit	plugins_tools_agents	mocks_placeholders	package_scripts
Belentani	599ca54	262	144	22	30	15	93	24	dev=NODE_ENV=development tsx watch server/_core/index.ts;build=vite build && esbuild server/_core/index.ts --platform=node --packages=external --bundle --format=esm --outdir=dist;start=NODE_ENV=production node dist/index.js;check=tsc --noEmit;lint=prettier --check package.json client/index.html client/src/App.tsx client/src/index.css client/src/components/ManusDialog.tsx client/src/components/ui/slider.tsx client/src/pages/NotFound.tsx server/seo.ts server/seo.test.ts server/accessibility.audit.test.ts server/accessibility.contrast.test.ts server/_core/vite.ts server/routers.ts drizzle/schema.ts docs/*.md --ignore-path .prettierignore;format=prettier --write .;test=vitest run --exclude server/integration.test.ts;test:integration=node scripts/test-integration.mjs;db:push=drizzle-kit generate && drizzle-kit migrate
NOIACORE	8105b3e	43	0	1	0	0	3	2	NA
belentani7	1a8d0b7	118	95	1	0	3	22	8	dev=vite --host;build=vite build && esbuild server/index.ts --platform=node --packages=external --bundle --format=esm --outdir=dist;start=NODE_ENV=production node dist/index.js;preview=vite preview --host;check=tsc --noEmit;format=prettier --write .;format:check=prettier --check .
duck-2026	cfe8374	11	2	0	0	0	7	5	NA
duck-apps	f2a114f	6	0	0	0	0	1	0	NA
duck-ecosystem	16fe2b7	198	137	26	18	9	30	29	dev=NODE_ENV=development tsx watch server/_core/index.ts;build=vite build && esbuild server/_core/index.ts --platform=node --packages=external --bundle --format=esm --outdir=dist;start=NODE_ENV=production node dist/index.js;check=tsc --noEmit;format=prettier --write .;test=vitest run;db:push=drizzle-kit generate && drizzle-kit migrate
duck-ecosystem-inspect	4fc9c66	129	109	4	8	0	16	12	dev=NODE_ENV=development tsx watch server/_core/index.ts;build=vite build && esbuild server/_core/index.ts --platform=node --packages=external --bundle --format=esm --outdir=dist;start=NODE_ENV=production node dist/index.js;check=tsc --noEmit;format=prettier --write .;test=vitest run;db:push=drizzle-kit generate && drizzle-kit migrate
duck-full-studio-pro	a4add06	182	123	4	8	4	28	16	dev=NODE_ENV=development tsx watch server/_core/index.ts;build=vite build && esbuild server/_core/index.ts --platform=node --packages=external --bundle --format=esm --outdir=dist;start=NODE_ENV=production node dist/index.js;check=tsc --noEmit;format=prettier --write .;test=vitest run;db:push=drizzle-kit generate && drizzle-kit migrate
duck-studio-os-protected	d2632e3	190	135	4	3	3	53	21	NA
duck-studio-os-v2	5aa42fa	190	135	4	3	3	53	21	NA
duck-zion-apex-public	82a258b	136	111	6	8	2	28	11	dev=NODE_ENV=development tsx watch server/_core/index.ts;build=vite build && esbuild server/_core/index.ts --platform=node --packages=external --bundle --format=esm --outdir=dist;start=NODE_ENV=production node dist/index.js;check=tsc --noEmit;lint=prettier --check client/index.html client/src/index.css client/src/pages/Home.tsx drizzle/schema.ts server/db.ts server/production.test.ts server/routers.ts server/routers/production.ts shared/production-catalog.ts shared/metric-history.ts shared/quality-gate.ts shared/quality-gate.test.ts docs/audit-final.md todo.md package.json;format=prettier --write .;test=vitest run;db:push=drizzle-kit generate && drizzle-kit migrate
lumina-ai-es	d2973ea	139	110	6	8	2	16	14	dev=NODE_ENV=development tsx watch server/_core/index.ts;build=vite build && esbuild server/_core/index.ts --platform=node --packages=external --bundle --format=esm --outdir=dist;start=NODE_ENV=production node dist/index.js;check=tsc --noEmit;format=prettier --write .;test=vitest run;db:push=drizzle-kit generate && drizzle-kit migrate
noiacore-lab-audited	7cfba87	98	74	2	0	0	13	6	dev=vite --host;build=vite build && esbuild server/index.ts --platform=node --packages=external --bundle --format=esm --outdir=dist;start=NODE_ENV=production node dist/index.js;preview=vite preview --host;check=tsc --noEmit;format=prettier --write .
noiacore-model-guard	b09e044	137	111	6	8	3	14	10	dev=NODE_ENV=development tsx watch server/_core/index.ts;build=vite build && esbuild server/_core/index.ts --platform=node --packages=external --bundle --format=esm --outdir=dist;start=NODE_ENV=production node dist/index.js;check=tsc --noEmit;format=prettier --write .;test=vitest run;db:push=drizzle-kit generate && drizzle-kit migrate
