repo	tracked_env_files	secret_pattern_files	suspicious_dependency_files
Belentani	NONE	[35mserver/automation.test.ts[m;[35mserver/automation.ts[m	package.json;pnpm-lock.yaml
NOIACORE	NONE	NONE	pom.xml
belentani7	NONE	NONE	package.json;pnpm-lock.yaml
duck-2026	NONE	NONE	NONE
duck-apps	NONE	NONE	NONE
duck-ecosystem	NONE	[35mscripts/test_api_config.py[m	backend/requirements.txt;desktop/package.json;desktop/pnpm-lock.yaml;package.json;pnpm-lock.yaml
duck-ecosystem-inspect	NONE	NONE	package.json;pnpm-lock.yaml
duck-full-studio-pro	NONE	NONE	client/public/duck-assets/package.json;package.json;pnpm-lock.yaml
duck-studio-os-protected	NONE	NONE	duck-studio-delivery/source/bun.lock;duck-studio-delivery/source/package.json
duck-studio-os-v2	NONE	NONE	source/bun.lock;source/package.json
duck-zion-apex-public	NONE	NONE	package.json;pnpm-lock.yaml
lumina-ai-es	NONE	NONE	package.json;pnpm-lock.yaml
noiacore-lab-audited	NONE	NONE	package.json;pnpm-lock.yaml
noiacore-model-guard	NONE	NONE	package.json;pnpm-lock.yaml
